{
  "responseHeader": {
    "inputTransactionId": "123a",
    "apiRefId": "123"
  },
  "result": [
    {
      "id": "123",
      "rev": "a123",
      "userName": "John",
      "prefix": "Mr",
      "sureName": "Tom",
      "middleinitial": "string",
      "givenName": "string",
      "suffix": "string",
      "mail": "jspn.example.cpm",
      "usertype": "string",
      "krisguid": "string",
      "krisstatus": "string",
      "businessphone": "string",
      "businessphoneext": "string",
      "accountStatus": "string",
      "memberOfDivisionNames": [
        "string"
      ],
      "memberOfOrgNames": [
        "string"
      ],
      "effectiveRoles": [
        {
          "refResourceCollection": "string",
          "refResourceId": "string",
          "ref": "string"
        }
      ],
      "effectiveAssignments": [
        {
          "name": "string",
          "description": "string",
          "mapping": "string",
          "id": "string",
          "rev": "string"
        }
      ],
      "adminOfProviderIDs": [
        "string"
      ],
      "adminOfProviderNames": [
        "string"
      ],
      "memberOfProviderNames": [
        "123"
      ],
      "preferences": {
        "updates": true,
        "marketing": true
      }
    }
  ]
}