{
  "inputTransactionId": "1323",
  "apiRefId": "1223",
  "id": "1213",
  "rev": "abc",
  "userName": "abc",
  "prefix": "abc",
  "sureName": "abc",
  "middleinitial": "m",
  "givenName": "andy",
  "suffix": "mr",
  "mail": "andy@gmail.com",
  "usertype": "abc",
  "krisguid": "abc",
  "krisstatus": "none",
  "businessphone": "12345",
  "businessphoneext": "112234",
  "accountStatus": "none",
  "memberOfDivisionNames": [
    "abc"
  ],
  "memberOfOrgNames": [
    "abc"
  ],
  "effectiveRoles": [
    {
      "refResourceCollection": "abc",
      "refResourceId": "123",
      "ref": "abc"
    }
  ],
  "effectiveAssignments": [
    {
      "name": "abc",
      "description": "abc",
      "mapping": "abc",
      "id": "1232",
      "rev": "abc"
    }
  ],
  "adminOfProviderIDs": [
    "1231"
  ],
  "adminOfProviderNames": [
    "abc"
  ],
  "memberOfProviderIDs": [
    "123"
  ],
  "memberOfProviderNames": [
    "1232"
  ],
  "preferences": {
    "updates": true,
    "marketing": true
  }
}