{
  "inputTransactionId": "1234",
  "apiRefId": "123",
  "id": "1233",
  "rev": "abc",
  "userName": "andy",
  "prefix": "mr",
  "sureName": "abc",
  "middleinitial": "b",
  "givenName": "abc",
  "suffix": "abc",
  "mail": "andy@gmail.com",
  "usertype": "abc",
  "krisguid": "abc",
  "krisstatus": "None",
  "businessphone": "abc",
  "businessphoneext": "abc",
  "accountStatus": "None",
  "memberOfDivisionNames": [
    "abc"
  ],
  "memberOfOrgNames": [
    "abc"
  ],
  "effectiveRoles": [
    {
      "refResourceCollection": "abc",
      "refResourceId": "123",
      "ref": "123"
    }
  ],
  "effectiveAssignments": [
    {
      "name": "abc",
      "description": "abc",
      "mapping": "abc",
      "id": "1123",
      "rev": "abc"
    }
  ],
  "adminOfProviderIDs": [
    "1234"
  ],
  "adminOfProviderNames": [
    "abc"
  ],
  "memberOfProviderIDs": [
    "123"
  ],
  "memberOfProviderNames": [
    "abc"
  ],
  "preferences": {
    "updates": true,
    "marketing": true
  }
}