{
  "responseHeader": {
    "inputTransactionId": "123",
    "apiRefId": "123"
  },
  "result": [
    {
      "id": "123",
      "rev": "abc",
      "userName": "John",
      "prefix": "Mr",
      "sureName": "Doe",
      "middleinitial": "Abc",
      "givenName": "John",
      "suffix": "John",
      "mail": "John@abc.com",
      "usertype": "customer",
      "krisguid": "123",
      "krisstatus": "success",
      "businessphone": "1234",
      "businessphoneext": "phone number",
      "accountStatus": "active",
      "memberOfDivisionNames": [
        "blank"
      ],
      "memberOfOrgNames": [
        "done"
      ],
      "effectiveRoles": [
        {
          "refResourceCollection": "reflection",
          "refResourceId": "123",
          "ref": "abc"
        }
      ],
      "effectiveAssignments": [
        {
          "name": "John",
          "description": "Employee",
          "mapping": "kris",
          "id": "123",
          "rev": "abc"
        }
      ],
      "adminOfProviderIDs": [
        "1234"
      ],
      "adminOfProviderNames": [
        "kris"
      ],
      "memberOfProviderNames": [
        "123"
      ],
      "preferences": {
        "updates": true,
        "marketing": true
      }
    }
  ]
}