
{
  "responseHeader": {
    "inputTransactionId": "123",
    "apiRefId": "123"
  },
  "result": [
    {
      "id": "123",
      "rev": "123",
      "userName": "google",
      "prefix": "mr",
      "sureName": "google",
      "middleinitial": "og",
      "givenName": "google",
      "suffix": "abc",
      "mail": "google@abc.com",
      "usertype": "internet",
      "krisguid": "abc",
      "krisstatus": "done",
      "businessphone": "123",
      "businessphoneext": "123",
      "accountStatus": "active",
      "memberOfDivisionNames": [
        "abc"
      ],
      "memberOfOrgNames": [
        "abc"
      ],
      "effectiveRoles": [
        {
          "refResourceCollection": "abc",
          "refResourceId": "abc",
          "ref": "abc"
        }
      ],
      "effectiveAssignments": [
        {
          "name": "google",
          "description": "abc",
          "mapping": "acd",
          "id": "123",
          "rev": "123"
        }
      ],
      "adminOfProviderIDs": [
        "1233"
      ],
      "adminOfProviderNames": [
        "abc"
      ],
      "memberOfProviderNames": [
        "abc"
      ],
      "preferences": {
        "updates": true,
        "marketing": true
      }
    }
  ]
}